{
  "project_info": {
    "project_number": "602916798629",
    "firebase_url": "https://chatapp2-63588.firebaseio.com",
    "project_id": "chatapp2-63588",
    "storage_bucket": "chatapp2-63588.appspot.com"
  },
  "client": [
    {
      "client_info": {
        "mobilesdk_app_id": "1:602916798629:android:7177ccefdce45d5fedcd4c",
        "android_client_info": {
          "package_name": "com.example.chatapp"
        }
      },
      "oauth_client": [
        {
          "client_id": "602916798629-2m5bq8l4v4h614q4f1l89g4395ghchjq.apps.googleusercontent.com",
          "client_type": 1,
          "android_info": {
            "package_name": "com.example.chatapp",
            "certificate_hash": "a934cbc03e730a6050d552d6382813e2b26acdfd"
          }
        },
        {
          "client_id": "602916798629-aqn2uh1qnbujiqbocmadcmjlv6d9r1r8.apps.googleusercontent.com",
          "client_type": 3
        }
      ],
      "api_key": [
        {
          "current_key": "AIzaSyCNVQv85yj2wLnU-jf9ZZY-Vlxb9SmM14I"
        }
      ],
      "services": {
        "appinvite_service": {
          "other_platform_oauth_client": [
            {
              "client_id": "602916798629-aqn2uh1qnbujiqbocmadcmjlv6d9r1r8.apps.googleusercontent.com",
              "client_type": 3
            }
          ]
        }
      }
    }
  ],
  "configuration_version": "1"
}